File Name,Line Count,Total Nucleotides,A,T,C,G,GC Content (%)
part10.txt,3,210,75,40,35,60,45.24
part11.txt,2,140,49,25,28,38,47.14
part12.txt,3,210,70,42,45,53,46.67
part13.txt,1,70,29,17,8,16,34.29
part14.txt,4,280,110,70,44,56,35.71
part15.txt,3,210,83,54,30,43,34.76
part16.txt,1,70,26,15,14,15,41.43
part17.txt,2,140,57,35,23,25,34.29
part18.txt,4,280,104,59,53,64,41.79
part19.txt,3,210,93,36,35,46,38.57
part1.txt,1,70,23,15,18,14,45.71
part20.txt,4,280,108,58,47,67,40.71
part21.txt,2,140,56,33,24,27,36.43
part22.txt,3,210,91,44,28,47,35.71
part23.txt,2,140,51,32,23,34,40.71
part24.txt,1,70,23,20,10,17,38.57
part25.txt,3,210,72,46,40,52,43.81
part26.txt,2,140,59,27,15,39,38.57
part27.txt,4,280,121,57,36,66,36.43
part28.txt,4,280,97,70,49,64,40.36
part29.txt,1,70,24,17,14,15,41.43
part2.txt,3,210,63,40,48,59,50.95
part30.txt,3,210,77,43,42,48,42.86
part31.txt,1,70,20,17,12,21,47.14
part32.txt,5,350,117,83,73,77,42.86
part33.txt,1,70,30,20,6,14,28.57
part34.txt,3,210,72,47,25,66,43.33
part35.txt,3,210,75,51,40,44,40.00
part36.txt,3,210,85,58,27,40,31.90
part37.txt,1,70,21,18,18,13,44.29
part38.txt,3,210,72,56,39,43,39.05
part39.txt,3,210,99,40,33,38,33.81
part3.txt,4,280,57,70,71,82,54.64
part40.txt,3,210,78,57,35,40,35.71
part41.txt,3,210,83,50,27,50,36.67
part42.txt,4,280,82,54,58,86,51.43
part43.txt,4,280,99,71,46,64,39.29
part44.txt,2,140,40,45,23,32,39.29
part45.txt,1,70,27,8,12,23,50.00
part46.txt,4,280,72,69,58,81,49.64
part47.txt,3,210,72,40,34,64,46.67
part48.txt,4,280,84,62,65,69,47.86
part49.txt,3,210,58,41,47,64,52.86
part4.txt,1,70,14,23,17,16,47.14
part50.txt,5,269,53,73,66,77,53.16
part5.txt,3,210,60,28,41,81,58.10
part6.txt,6,420,173,76,79,92,40.71
part7.txt,2,140,51,26,31,32,45.00
part8.txt,3,210,79,41,37,53,42.86
part9.txt,3,210,77,44,43,46,42.38
